Engine,Time,Memory_MB
Pandas,1.186436653137207,5.19140625
Polars,1.2545926570892334,9.23828125
DuckDB,1.2864503860473633,4.28515625
PySpark,5.524863243103027,1.0546875
