Engine,Time,Memory_MB,NumRecords
Pandas,9.524577140808105,2833.9453125,5000000
Polars,8.409973382949829,2620.29296875,5000000
DuckDB,28.587419033050537,3738.6328125,5000000
PySpark,74.26010036468506,2771.03125,5000000
