Engine,Time,Memory_MB,Threads,NumRecords
Polars,10.010263919830322,3446.16015625,8,5000000
DuckDB,26.3033664226532,2073.8359375,8,5000000
PySpark,61.55651330947876,2746.15234375,8,5000000
