Engine,Time,Memory_MB,Threads
Polars,1.5889837741851807,1.17578125,1
DuckDB,1.2420051097869873,0.71875,1
PySpark,2.658219575881958,0.3828125,1
