Engine,Time,Memory_MB,Threads,NumRecords
Polars,6.959506511688232,4202.671875,4,5000000
DuckDB,24.096282243728638,2066.18359375,4,5000000
PySpark,69.96516919136047,3377.515625,4,5000000
