Engine,Time,Memory_MB,Threads,NumRecords
Polars,8.178112983703613,2566.92578125,1,5000000
DuckDB,29.132549285888672,3097.0703125,1,5000000
PySpark,66.3354184627533,2846.7109375,1,5000000
