Engine,Time,Memory_MB,Threads
Polars,1.4435622692108154,12.484375,8
DuckDB,1.389341115951538,2.20703125,8
PySpark,5.4546058177948,1.21484375,8
