Engine,Time,Memory_MB,Threads,NumRecords
Polars,4.885604619979858,3779.8046875,2,5000000
DuckDB,22.902459621429443,2071.73046875,2,5000000
PySpark,89.6619234085083,2782.22265625,2,5000000
