Engine,Time,Memory_MB,Threads
Polars,1.4566988945007324,2.9453125,2
DuckDB,1.436838150024414,0.07421875,2
PySpark,3.2630786895751953,0.2890625,2
